epoch,loss,scale128_output_loss,scale128_output_mse,scale128_output_psnr_metric,scale128_output_ssim_metric,scale256_output_loss,scale256_output_mse,scale256_output_psnr_metric,scale256_output_ssim_metric,val_loss,val_scale128_output_loss,val_scale128_output_mse,val_scale128_output_psnr_metric,val_scale128_output_ssim_metric,val_scale256_output_loss,val_scale256_output_mse,val_scale256_output_psnr_metric,val_scale256_output_ssim_metric
0,0.012612542848256891,0.005800422,0.005800422,24.462198,0.7213223,0.0068121315,0.0068121315,23.51629,0.6368725,0.005118425935506821,0.0034689470194280148,0.0034689470194280148,25.871990203857422,0.788062334060669,0.004579372704029083,0.004579372704029083,24.522146224975586,0.7070193290710449
1,0.00809961995400954,0.0035175607,0.0035175607,26.413212,0.8017433,0.004582062,0.0045820614,25.004114,0.72388595,0.006204748060554266,0.0031922899652272463,0.0031922899652272463,26.4248104095459,0.798561692237854,0.004452154505997896,0.004452154505997896,24.6253662109375,0.7251484394073486
2,0.007164065499913434,0.0031420547,0.0031420547,27.115126,0.8177319,0.004022005,0.004022005,25.701988,0.74617285,0.009918125346302986,0.00282774749211967,0.0028277472592890263,27.055566787719727,0.8126170039176941,0.003927764482796192,0.003927764482796192,25.192995071411133,0.7396077513694763
3,0.006706446392403181,0.0029718052,0.0029718052,27.374058,0.82458746,0.0037346417,0.0037346417,26.035204,0.7571198,0.004753849469125271,0.0028076102025806904,0.0028076102025806904,27.043119430541992,0.8141453862190247,0.0035190561320632696,0.003519056597724557,25.83138656616211,0.7460157871246338
4,0.006530638925040775,0.002939778,0.002939778,27.479725,0.8249137,0.0035908655,0.0035908662,26.270336,0.7617229,0.0039741275832057,0.002717881929129362,0.002717881929129362,27.641841888427734,0.8214251399040222,0.003241567173972726,0.003241567173972726,26.52991485595703,0.7582083344459534
5,0.006209760642020599,0.0028255498,0.0028255498,27.693483,0.8299475,0.0033842088,0.0033842083,26.565605,0.77100056,0.002421547193080187,0.002542535774409771,0.002542535774409771,27.9896183013916,0.8233160972595215,0.003010969841852784,0.003010969841852784,26.91043472290039,0.7651400566101074
6,0.005873974943979529,0.0027002196,0.0027002196,27.888939,0.8354249,0.0031737608,0.0031737608,26.873594,0.78026956,0.00510998722165823,0.00254873582161963,0.00254873582161963,28.055986404418945,0.8244124054908752,0.0029374249279499054,0.0029374246951192617,27.200618743896484,0.7705143690109253
7,0.005826530167407192,0.0026986166,0.0026986166,27.930885,0.8352448,0.0031279156,0.0031279158,26.967047,0.78360736,0.003032824257388711,0.0024826722219586372,0.0024826722219586372,28.0026912689209,0.8299105167388916,0.002924744738265872,0.002924744738265872,26.95473289489746,0.7745298147201538
8,0.005697407476415079,0.0026517469,0.0026517469,28.015451,0.8364538,0.0030456563,0.0030456563,27.106394,0.78695667,0.005109020974487066,0.00260373018682003,0.002603730419650674,27.783498764038086,0.8235061168670654,0.002907131565734744,0.002907131565734744,26.955480575561523,0.7737471461296082
9,0.005561616970273328,0.0026001057,0.0026001057,28.12852,0.8395161,0.0029615068,0.0029615068,27.262136,0.79168135,0.0024236049503087997,0.0024343044497072697,0.002434304216876626,28.208890914916992,0.8297025561332703,0.0027228337712585926,0.0027228337712585926,27.385000228881836,0.7818025946617126
10,0.005567171971193198,0.0026150756,0.0026150756,28.138891,0.84023386,0.0029520972,0.0029520972,27.308342,0.79445106,0.010466711595654488,0.002495025284588337,0.0024950250517576933,28.197750091552734,0.8271682858467102,0.002788907615467906,0.0027889080811291933,27.331260681152344,0.7790653705596924
11,0.005514578054856058,0.0025987946,0.0025987946,28.182251,0.84102917,0.00291578,0.00291578,27.392122,0.7967477,0.005510077811777592,0.0025547738187015057,0.002554773585870862,28.081233978271484,0.8270299434661865,0.0028651063330471516,0.0028651065658777952,27.391395568847656,0.7807909250259399
12,0.005278193878203402,0.0024863551,0.0024863551,28.31956,0.8446563,0.002791837,0.0027918376,27.536522,0.8009074,0.005182009190320969,0.0024873078800737858,0.0024873081129044294,27.694889068603516,0.8270730376243591,0.002951716771349311,0.002951717237010598,26.756786346435547,0.7779956459999084
13,0.005357539804552087,0.0025258926,0.0025258926,28.30851,0.8431757,0.0028316483,0.0028316483,27.524162,0.8004282,0.002754275221377611,0.0022552856244146824,0.0022552856244146824,28.33526039123535,0.8393453359603882,0.0025058193132281303,0.0025058193132281303,27.74037742614746,0.7948606610298157
14,0.0051884122296811525,0.0024478275,0.0024478273,28.397161,0.84556866,0.0027405762,0.0027405762,27.638727,0.8036693,0.003261395264416933,0.002223730320110917,0.002223730320110917,28.64825439453125,0.8400533199310303,0.00248650461435318,0.00248650461435318,27.88605499267578,0.798017144203186
15,0.005031946654970751,0.0023719666,0.0023719668,28.549221,0.8483873,0.0026599783,0.0026599783,27.773214,0.8071073,0.0035346311051398516,0.002362412167713046,0.0023624124005436897,28.298160552978516,0.8352622985839844,0.002690136432647705,0.0026901366654783487,27.313554763793945,0.7935567498207092
14,0.0051719405482934366,0.002448433,0.002448433,28.463919,0.8450381,0.002723509,0.002723509,27.730957,0.80489314,0.004716419614851475,0.0023107302840799093,0.0023107302840799093,28.33637046813965,0.8366337418556213,0.0026734250131994486,0.002673424780368805,27.425331115722656,0.79112309217453
15,0.0049976707949099365,0.0023597567,0.0023597567,28.606354,0.85121584,0.0026379128,0.0026379128,27.849436,0.810583,0.0029390319250524044,0.0021996854338794947,0.0021996854338794947,28.662656784057617,0.8409929871559143,0.002416054718196392,0.002416054718196392,27.958114624023438,0.801518976688385
16,0.005026549540310009,0.0023801639,0.0023801639,28.541254,0.8491415,0.0026463869,0.0026463869,27.823221,0.8098179,0.0027505727484822273,0.0021898304112255573,0.0021898304112255573,28.650053024291992,0.8379747867584229,0.0025295920204371214,0.002529592253267765,27.6270694732666,0.7940332293510437
17,0.004909833176013004,0.0023281805,0.0023281805,28.63207,0.84977746,0.002581652,0.0025816523,27.910946,0.8108467,0.002730935113504529,0.00218389043584466,0.002183890203014016,28.664012908935547,0.8406408429145813,0.0024078742135316133,0.0024078742135316133,28.03217124938965,0.8013451099395752
18,0.004950834669694746,0.0023528019,0.0023528019,28.57048,0.8492459,0.0025980305,0.0025980305,27.871649,0.8111351,0.0019150148145854473,0.0021235758904367685,0.0021235758904367685,28.7801570892334,0.8441482186317444,0.002361132763326168,0.002361132763326168,28.086204528808594,0.8048120737075806
19,0.004972310995610853,0.0023804237,0.0023804237,28.562704,0.84825027,0.0025918884,0.0025918884,27.911287,0.81192225,0.003813641145825386,0.0021444479934871197,0.0021444479934871197,28.79734992980957,0.8442563414573669,0.0023668252397328615,0.0023668252397328615,28.14216423034668,0.8071590662002563
20,0.0049820181576352394,0.0023707685,0.0023707685,28.593798,0.849987,0.0026112483,0.0026112483,27.916187,0.81254554,0.0033942630980163813,0.00214753276668489,0.0021475329995155334,28.659420013427734,0.8406354188919067,0.002359203528612852,0.0023592037614434958,28.048511505126953,0.804029107093811
21,0.004818849978410408,0.0022976145,0.0022976145,28.704458,0.8524552,0.0025212346,0.0025212346,28.043222,0.81612074,0.006032333709299564,0.0021503365132957697,0.0021503365132957697,28.670860290527344,0.8410229682922363,0.0023557795211672783,0.0023557795211672783,28.041887283325195,0.8039677143096924
22,0.004783801914062577,0.0022771857,0.0022771857,28.709408,0.853639,0.0025066163,0.0025066165,28.028414,0.8167349,0.0026005872059613466,0.002150119049474597,0.0021501188166439533,28.752588272094727,0.844041109085083,0.0023733898997306824,0.0023733898997306824,28.065181732177734,0.8065930604934692
23,0.004745819113365238,0.00227365,0.00227365,28.808355,0.8544379,0.0024721643,0.0024721643,28.187065,0.8195413,0.004126246087253094,0.0021893754601478577,0.002189375227317214,28.644622802734375,0.8403146862983704,0.002370706759393215,0.002370706759393215,28.191083908081055,0.8044869899749756
24,0.004670035559778356,0.0022326645,0.0022326645,28.832382,0.8556005,0.0024373645,0.0024373645,28.187397,0.8204802,0.0030294719617813826,0.0021765688434243202,0.002176569076254964,28.295488357543945,0.8497881293296814,0.002479385118931532,0.002479385118931532,27.467529296875,0.813890278339386
25,0.004635965347666503,0.0022135994,0.0022135992,28.877056,0.8564501,0.0024223672,0.0024223672,28.226301,0.82113576,0.002501707524061203,0.0020949523895978928,0.0020949523895978928,29.035999298095703,0.8481557369232178,0.002352415816858411,0.002352415816858411,28.275197982788086,0.8069677948951721
26,0.004605630420135438,0.0022067716,0.0022067716,28.94145,0.8561838,0.0023988592,0.0023988592,28.31101,0.8222614,0.0029661234002560377,0.0019577033817768097,0.0019577033817768097,28.922435760498047,0.8532818555831909,0.0021636763121932745,0.0021636763121932745,28.3118839263916,0.8168095946311951
27,0.004634930797675662,0.002225212,0.002225212,28.87089,0.8561942,0.0024097157,0.0024097157,28.269312,0.8228258,0.0026543675921857357,0.0019379035802558064,0.0019379033474251628,29.204418182373047,0.8543374538421631,0.0021961629390716553,0.002196163171902299,28.404895782470703,0.8160831928253174
25,0.004626289437395893,0.0022160744,0.0022160744,28.92827,0.8563603,0.002410211,0.002410211,28.305586,0.8223354,0.002560501452535391,0.0021227793768048286,0.0021227793768048286,28.724990844726562,0.8457345366477966,0.002349055605009198,0.002349055605009198,27.97127342224121,0.8106485605239868
26,0.004628531859772785,0.002212421,0.0022124213,28.876371,0.85598683,0.0024161076,0.0024161076,28.246742,0.821731,0.00410482008010149,0.0020917928777635098,0.0020917928777635098,28.951751708984375,0.8462897539138794,0.00232201861217618,0.00232201861217618,28.200420379638672,0.8101562857627869
27,0.0045531626809760285,0.0021722515,0.0021722515,28.969423,0.85806555,0.0023809157,0.0023809157,28.330797,0.8238128,0.0015672101872041821,0.0020343007054179907,0.002034300472587347,28.849214553833008,0.8521972894668579,0.002198165515437722,0.002198165515437722,28.459611892700195,0.8195247054100037
28,0.004479547550103975,0.0021488708,0.0021488708,29.081154,0.86018926,0.0023306764,0.0023306762,28.464083,0.8266863,0.009809303097426891,0.0023117398377507925,0.0023117398377507925,28.352157592773438,0.8417376279830933,0.002649301430210471,0.002649301430210471,27.53851318359375,0.7973201870918274
29,0.004551905918533858,0.0021840716,0.0021840718,28.987751,0.85857004,0.0023678283,0.0023678285,28.386509,0.8253906,0.005532930605113506,0.0019759589340537786,0.001975958701223135,29.107404708862305,0.849841833114624,0.0022523626685142517,0.0022523626685142517,28.252302169799805,0.8104554414749146
30,0.004526701381820641,0.002167999,0.002167999,29.01031,0.85876644,0.0023587057,0.0023587057,28.40055,0.825836,0.0062150172889232635,0.0021558813750743866,0.0021558813750743866,28.79693031311035,0.842786967754364,0.0024180698674172163,0.00241807010024786,28.099075317382812,0.8052601218223572
31,0.004571679073625192,0.0021998591,0.0021998591,28.982155,0.85943294,0.0023718262,0.0023718262,28.383713,0.82699627,0.003457543905824423,0.0020019933581352234,0.0020019933581352234,29.1529483795166,0.8544083833694458,0.002183679724112153,0.0021836799569427967,28.514270782470703,0.8184751868247986
32,0.0045283373075108106,0.002174549,0.002174549,28.955717,0.85921496,0.002353788,0.002353788,28.375431,0.8261914,0.006927640177309513,0.001979114953428507,0.001979114720597863,29.142620086669922,0.8517577648162842,0.0021786317229270935,0.002178631955757737,28.581483840942383,0.8181310296058655
33,0.004539922707216546,0.0021874434,0.0021874434,28.975021,0.8594498,0.0023524796,0.00235248,28.403194,0.8273755,0.005755697377026081,0.002053783042356372,0.0020537832751870155,28.87972640991211,0.8527018427848816,0.0022532546427100897,0.0022532548755407333,28.19166374206543,0.8189171552658081
34,0.0044072012941998966,0.0021291175,0.0021291175,29.059256,0.86068225,0.0022780935,0.0022780935,28.522896,0.8298512,0.0015803484711796045,0.0020287318620830774,0.0020287318620830774,28.955202102661133,0.8513400554656982,0.0021752153988927603,0.0021752153988927603,28.491182327270508,0.8187568783760071
34,0.004402243736829539,0.0021140538,0.0021140538,29.094986,0.8602069,0.0022881886,0.0022881886,28.51122,0.82790345,0.00089821289293468,0.001962651964277029,0.0019626521971076727,29.325244903564453,0.8562226295471191,0.0021076290868222713,0.0021076290868222713,28.753509521484375,0.8243656158447266
35,0.004525208022305042,0.002168327,0.002168327,29.020264,0.8601166,0.0023568806,0.0023568808,28.400795,0.8266439,0.0056069279089570045,0.0020229944493621588,0.0020229944493621588,28.874662399291992,0.8486725687980652,0.0021714987233281136,0.0021714987233281136,28.401334762573242,0.815859854221344
36,0.004406527352889329,0.0021164366,0.0021164364,29.113014,0.86077434,0.0022900894,0.0022900896,28.539219,0.82908237,0.001809258246794343,0.0018559390446171165,0.0018559390446171165,29.460155487060547,0.8583040237426758,0.002034989418461919,0.002034989418461919,28.7049503326416,0.8239684104919434
37,0.004443548547799394,0.002135971,0.002135971,29.067883,0.86230946,0.002307579,0.002307579,28.496841,0.8302231,0.0020254317205399275,0.0019506432581692934,0.0019506432581692934,29.21774673461914,0.8546476364135742,0.002143449615687132,0.002143449615687132,28.661970138549805,0.8198570013046265
38,0.004359730111021539,0.002097003,0.0020970032,29.15091,0.86344796,0.0022627218,0.0022627218,28.58153,0.83160174,0.0016174279153347015,0.0019346995977684855,0.0019346995977684855,28.974411010742188,0.8607271313667297,0.002083323895931244,0.002083323895931244,28.580976486206055,0.8286635875701904
39,0.0044502241887703015,0.0021459702,0.0021459702,29.067858,0.86050063,0.002304261,0.002304261,28.516113,0.8292816,0.005157254170626402,0.001972682774066925,0.0019726830068975687,29.077301025390625,0.8542129397392273,0.0021198310423642397,0.0021198312751948833,28.641796112060547,0.8195485472679138
40,0.004375716617889541,0.002109507,0.002109507,29.15006,0.86274356,0.0022662086,0.0022662089,28.60834,0.8322288,0.003488412592560053,0.0019087173277512193,0.0019087173277512193,29.171894073486328,0.8566645383834839,0.0020486474968492985,0.0020486474968492985,28.70955467224121,0.8232904672622681
41,0.004322899955995699,0.0020771502,0.00207715,29.301332,0.86436313,0.0022457463,0.0022457463,28.726444,0.83324254,0.00507178483530879,0.0018328919541090727,0.0018328919541090727,29.385759353637695,0.859250009059906,0.002010988537222147,0.002010988537222147,28.84192657470703,0.8248123526573181
42,0.004299221154815314,0.002068963,0.002068963,29.271387,0.8641573,0.0022302573,0.0022302573,28.71127,0.833584,0.0016950815916061401,0.0019522705115377903,0.0019522702787071466,29.273073196411133,0.857739269733429,0.0021654937881976366,0.002165493555366993,28.52602195739746,0.8242470026016235
43,0.00432452102741081,0.0020812862,0.0020812864,29.268192,0.8641544,0.0022432338,0.0022432338,28.688766,0.8332328,0.0024860501289367676,0.0019584200344979763,0.0019584200344979763,29.06317138671875,0.8537375926971436,0.0021892995573580265,0.0021892995573580265,28.413713455200195,0.8187286853790283
44,0.0042937697636598725,0.0020667573,0.0020667573,29.189587,0.86429685,0.0022270214,0.0022270214,28.63087,0.83348256,0.0043478719890117645,0.0018681122455745935,0.0018681121291592717,29.391864776611328,0.86212158203125,0.002068107482045889,0.002068107482045889,28.75294303894043,0.8286248445510864
45,0.0043226595887534604,0.0020876708,0.002087671,29.178085,0.8637268,0.0022349881,0.0022349884,28.64195,0.83294946,0.004285992123186588,0.0019586291164159775,0.0019586291164159775,29.23779296875,0.855394184589386,0.0021416516974568367,0.0021416519302874804,28.59494400024414,0.8218705654144287
46,0.004245625061051854,0.0020391592,0.0020391592,29.285042,0.86515003,0.0022064592,0.0022064592,28.710907,0.8343293,0.0035678627900779247,0.0019085522508248687,0.0019085522508248687,29.366247177124023,0.8572465181350708,0.0020643933676183224,0.0020643933676183224,28.80535125732422,0.8238239884376526
47,0.004248753199911974,0.0020413543,0.0020413543,29.206327,0.86432767,0.002207398,0.002207398,28.653261,0.8334748,0.001486701425164938,0.0018619358306750655,0.0018619362963363528,29.433902740478516,0.8621572852134705,0.002032144460827112,0.002032144460827112,28.84844970703125,0.8277048468589783
48,0.004199250298703798,0.0020154426,0.0020154426,29.331114,0.8668146,0.0021838055,0.0021838055,28.748999,0.8356418,0.001401814864948392,0.0020221073646098375,0.0020221073646098375,28.796621322631836,0.8559121489524841,0.002285564783960581,0.002285564551129937,28.033737182617188,0.8218333721160889
49,0.004152659046037486,0.0019997216,0.0019997216,29.414053,0.86781704,0.002152934,0.002152934,28.853691,0.83790034,0.004369914066046476,0.001997145125642419,0.001997145125642419,29.091503143310547,0.854009211063385,0.002243461785838008,0.002243461785838008,28.391582489013672,0.8183019161224365
50,0.004178947936903838,0.0020113704,0.0020113704,29.360498,0.86718994,0.0021675758,0.002167576,28.803299,0.8366675,0.0012218045303598046,0.0018583063501864672,0.0018583063501864672,29.38364601135254,0.8595500588417053,0.0020170854404568672,0.0020170854404568672,28.860706329345703,0.8275043964385986
51,0.004225400386837498,0.002036572,0.002036572,29.28359,0.86617047,0.002188832,0.002188832,28.74273,0.83605564,0.0024541153106838465,0.0019075971795246005,0.0019075971795246005,29.3981990814209,0.8561896681785583,0.0020568715408444405,0.0020568715408444405,28.79344367980957,0.8261677026748657
52,0.004127301044435525,0.0019827175,0.0019827173,29.37185,0.86762846,0.002144588,0.0021445882,28.804655,0.83694494,0.003945611882954836,0.002041712636128068,0.0020417124032974243,28.985502243041992,0.8473308086395264,0.002226044423878193,0.0022260446567088366,28.410547256469727,0.8142350316047668
53,0.0040958740836585,0.0019744583,0.0019744583,29.387861,0.86912733,0.0021214164,0.0021214164,28.845736,0.83935297,0.001144537702202797,0.0018161082407459617,0.0018161082407459617,29.573915481567383,0.8636466264724731,0.0019775857217609882,0.0019775857217609882,28.978879928588867,0.8306632041931152
54,0.004046176544889695,0.0019491354,0.0019491354,29.4781,0.8698776,0.0020970476,0.0020970476,28.932608,0.8400222,0.002716455375775695,0.002250651130452752,0.002250651130452752,28.353910446166992,0.8436461687088013,0.0022495274897664785,0.0022495274897664785,28.20750617980957,0.8190508484840393
55,0.00407797440454858,0.0019603847,0.0019603847,29.453806,0.87074655,0.002117589,0.002117589,28.889917,0.8408896,0.0014417835045605898,0.0018657819600775838,0.0018657819600775838,29.554903030395508,0.8609492778778076,0.002056862460449338,0.002056862460449338,28.8679256439209,0.8279449939727783
56,0.004148945855188315,0.002002524,0.002002524,29.409931,0.86800534,0.0021464215,0.0021464217,28.880991,0.83832425,0.0022073432337492704,0.0018428901676088572,0.0018428901676088572,29.515764236450195,0.8605870604515076,0.002054464304819703,0.002054464304819703,28.77556037902832,0.8238821029663086
57,0.004209014175504072,0.0020313608,0.0020313608,29.363623,0.8680556,0.0021776531,0.0021776534,28.827862,0.8382448,0.007383514195680618,0.0018365790601819754,0.0018365788273513317,29.544557571411133,0.8647280931472778,0.0020222060848027468,0.0020222060848027468,28.876461029052734,0.8305813670158386
58,0.004140593983550355,0.0019911982,0.0019911982,29.40279,0.8686806,0.0021493952,0.0021493952,28.850468,0.83847284,0.007814755663275719,0.0019091303693130612,0.0019091303693130612,29.428525924682617,0.8571142554283142,0.002077576005831361,0.0020775762386620045,28.89385414123535,0.826467752456665
59,0.004121317268008742,0.0019842873,0.0019842875,29.403238,0.8689089,0.0021370284,0.0021370284,28.851467,0.8392743,0.0008777143666520715,0.0018995868740603328,0.0018995868740603328,29.404024124145508,0.8582040667533875,0.0021287365816533566,0.002128736814484,28.6640567779541,0.8211849331855774
60,0.004071114886203388,0.0019580184,0.0019580184,29.407003,0.8683805,0.0021130997,0.0021130997,28.870079,0.83843315,0.0030619583558291197,0.0018433084478601813,0.0018433082150295377,29.414955139160156,0.8597612380981445,0.0020733505953103304,0.0020733505953103304,28.737985610961914,0.8231716752052307
61,0.00406022778630628,0.001955575,0.0019555748,29.448832,0.8703337,0.0021046565,0.0021046565,28.899675,0.8404207,0.0013365199556574225,0.0021073478274047375,0.0021073478274047375,28.799665451049805,0.8449649214744568,0.002169776940718293,0.002169776940718293,28.4661808013916,0.8210574984550476
62,0.004264072008030511,0.0020551758,0.0020551758,29.31482,0.8667714,0.0022088995,0.0022088995,28.774948,0.8371085,0.0033283806405961514,0.0017876942874863744,0.0017876942874863744,29.761852264404297,0.861919641494751,0.0019099891651421785,0.0019099891651421785,29.228063583374023,0.8330705165863037
63,0.004014835129080691,0.001937947,0.001937947,29.472868,0.8702562,0.0020768894,0.0020768894,28.948053,0.84109247,0.0024362746626138687,0.001817622222006321,0.001817622222006321,29.537158966064453,0.8616659641265869,0.0019428986124694347,0.0019428986124694347,29.0550594329834,0.8333438634872437
64,0.004136207762060925,0.0019948205,0.0019948205,29.358759,0.86742884,0.0021413884,0.0021413884,28.837448,0.8383142,0.014605809934437275,0.0018570262473076582,0.0018570257816463709,29.569852828979492,0.860944390296936,0.0020554668735712767,0.0020554668735712767,28.918684005737305,0.8267622590065002
65,0.004074395577690329,0.0019697265,0.0019697265,29.456686,0.8693124,0.0021046707,0.0021046707,28.93795,0.8404012,0.001835870323702693,0.0018353023333474994,0.0018353023333474994,29.613037109375,0.8601169586181641,0.0020509900059551,0.0020509900059551,28.919527053833008,0.8240753412246704
66,0.004018939817807324,0.0019382325,0.0019382325,29.50033,0.8711392,0.00208071,0.0020807104,28.973753,0.84200704,0.003176924306899309,0.0019178163493052125,0.0019178165821358562,29.10736083984375,0.8567087650299072,0.0021859384141862392,0.0021859384141862392,28.352087020874023,0.819692075252533
67,0.0040515724108142115,0.0019506165,0.0019506165,29.50408,0.87093973,0.002100959,0.002100959,28.945885,0.8414968,0.007734529208391905,0.0018973620608448982,0.0018973620608448982,29.183399200439453,0.856496274471283,0.0021868101321160793,0.0021868101321160793,28.41208267211914,0.8179280161857605
68,0.003948828394274002,0.0018996247,0.0018996247,29.62024,0.87314284,0.0020492086,0.002049209,29.059702,0.84354323,0.0020404921378940344,0.0016099723288789392,0.0016099723288789392,30.008747100830078,0.8714163303375244,0.0017597947735339403,0.0017597947735339403,29.311471939086914,0.8409594297409058
69,0.004068481719699506,0.0019594964,0.0019594964,29.487665,0.8711318,0.0021089886,0.0021089888,28.950294,0.84181875,0.0024361014366149902,0.0017704097554087639,0.0017704097554087639,29.6494140625,0.8653567433357239,0.0019336238037794828,0.0019336238037794828,29.103832244873047,0.8340427279472351
70,0.004049070722883833,0.0019492079,0.0019492079,29.480558,0.8704821,0.0020998644,0.0020998649,28.935099,0.8411364,0.002237086882814765,0.001859765499830246,0.001859765499830246,29.452119827270508,0.8606507182121277,0.0020580077543854713,0.002058007987216115,28.78171157836914,0.8248938322067261
71,0.003973212365575886,0.0019137058,0.0019137061,29.51613,0.8712829,0.002059505,0.002059505,28.984938,0.8420437,0.001630043494515121,0.0019116010516881943,0.0019116008188575506,29.504310607910156,0.8602279424667358,0.0020938010420650244,0.0020938010420650244,28.88287353515625,0.8303946256637573
72,0.00402080430640126,0.0019381953,0.0019381953,29.504438,0.87188804,0.0020826058,0.0020826058,28.971289,0.8429598,0.0016770657384768128,0.001819776138290763,0.0018197759054601192,29.458786010742188,0.862943708896637,0.0019423497142270207,0.0019423497142270207,29.098217010498047,0.8351022601127625
73,0.00399594789522679,0.0019266049,0.0019266049,29.524555,0.8722146,0.0020693445,0.0020693445,28.99231,0.8431724,0.0013440202455967665,0.001958574168384075,0.001958574168384075,29.179853439331055,0.8573606610298157,0.0020797718316316605,0.002079772064462304,28.716480255126953,0.8294429779052734
74,0.0039931136653514705,0.0019301812,0.0019301812,29.550262,0.8728139,0.0020629328,0.0020629328,29.039711,0.8443098,0.004254787229001522,0.0018017314141616225,0.0018017315305769444,29.579059600830078,0.8628711104393005,0.0019343782914802432,0.0019343787571415305,29.09147834777832,0.8342786431312561
75,0.00404272700753036,0.0019593367,0.0019593367,29.491598,0.8704283,0.0020833868,0.0020833872,29.007553,0.84255314,0.0036275209859013557,0.0017483202973380685,0.0017483202973380685,29.49156951904297,0.8687726855278015,0.0019464031793177128,0.0019464034121483564,28.83141326904297,0.8366327881813049
76,0.0039719246577954405,0.0019201725,0.0019201722,29.575045,0.8729131,0.0020517518,0.0020517518,29.070883,0.84427255,0.0032529914751648903,0.0018309579463675618,0.0018309579463675618,29.635927200317383,0.8635731935501099,0.001978793879970908,0.001978794112801552,29.081022262573242,0.8340861797332764
77,0.003960126726754728,0.001904411,0.001904411,29.623728,0.87229735,0.0020557167,0.002055717,29.071005,0.84307855,0.0013828214723616838,0.0017506341682747006,0.0017506341682747006,29.694515228271484,0.866500735282898,0.0019403696060180664,0.0019403696060180664,28.941755294799805,0.8298221826553345
78,0.003919555554542361,0.0018885251,0.0018885251,29.62769,0.8735895,0.0020310313,0.0020310313,29.082483,0.8443565,0.0043487222865223885,0.0017403974197804928,0.0017403974197804928,29.80978775024414,0.8703510761260986,0.0019163540564477444,0.0019163540564477444,29.172073364257812,0.8386809825897217
79,0.003910239619576546,0.0018807937,0.0018807938,29.642252,0.87345284,0.0020294485,0.0020294485,29.099798,0.84426415,0.005285324994474649,0.0018117791041731834,0.0018117791041731834,29.570026397705078,0.8637208938598633,0.0019559820648282766,0.0019559820648282766,29.094446182250977,0.8336843848228455
80,0.003947237575563055,0.0019020807,0.001902081,29.57648,0.87208205,0.0020451536,0.0020451536,29.031487,0.84311086,0.0041803037747740746,0.0018209972186014056,0.0018209972186014056,29.579788208007812,0.8615170121192932,0.0019689479377120733,0.0019689479377120733,29.046682357788086,0.8317312002182007
81,0.0038601954357208915,0.0018636289,0.0018636289,29.614561,0.8746892,0.001996569,0.001996569,29.099617,0.8462564,0.005486431531608105,0.0018417193787172437,0.0018417193787172437,29.489788055419922,0.8624836206436157,0.001976580126211047,0.001976580359041691,29.000337600708008,0.8331542611122131
82,0.003825388384743915,0.0018444773,0.0018444773,29.722292,0.8752283,0.0019809105,0.0019809105,29.191769,0.8468676,0.0020085624419152737,0.0017591331852599978,0.0017591331852599978,29.776851654052734,0.865020215511322,0.0019432781264185905,0.0019432781264185905,29.21807289123535,0.8330270051956177
83,0.004022352091979647,0.0019466998,0.0019466998,29.547663,0.8710815,0.002075656,0.0020756563,29.059076,0.8429504,0.005817077588289976,0.001960458466783166,0.001960458466783166,29.177047729492188,0.8562118411064148,0.002086071763187647,0.002086071763187647,28.76506233215332,0.8276247382164001
84,0.003916650699445906,0.0018910608,0.0018910611,29.638304,0.8747848,0.0020255947,0.002025595,29.115845,0.84643036,0.002390679670497775,0.0017897055950015783,0.0017897055950015783,29.544645309448242,0.864365816116333,0.0019456966547295451,0.0019456966547295451,29.03830337524414,0.8329716920852661
85,0.0038754983977317653,0.0018681979,0.0018681979,29.657793,0.87491715,0.002007302,0.0020073021,29.123232,0.84634095,0.004722488112747669,0.0017940140096470714,0.0017940140096470714,29.590843200683594,0.8661779761314392,0.0019529858836904168,0.0019529858836904168,29.03287124633789,0.8345886468887329
86,0.0038112194683351305,0.0018309858,0.0018309858,29.663202,0.8757189,0.0019802328,0.001980233,29.114403,0.84671104,0.00479939766228199,0.001781889353878796,0.001781889353878796,29.618896484375,0.8650829195976257,0.001993416342884302,0.001993416342884302,28.908926010131836,0.8324776291847229
87,0.0040510526813671245,0.0019587653,0.0019587653,29.491106,0.87135416,0.002092288,0.0020922883,28.96864,0.8428867,0.0034040850587189198,0.001764813088811934,0.001764813088811934,29.80403709411621,0.8688436150550842,0.0019183786353096366,0.0019183786353096366,29.201765060424805,0.8382108807563782
88,0.003854138586353252,0.0018616957,0.0018616957,29.723515,0.8760854,0.0019924422,0.0019924422,29.201378,0.8479548,0.0027776227798312902,0.001726957387290895,0.0017269575037062168,29.668495178222656,0.8700597882270813,0.0019245389848947525,0.0019245389848947525,28.991331100463867,0.8392336368560791
89,0.0038200347774599557,0.0018424061,0.001842406,29.678146,0.8753541,0.0019776241,0.0019776241,29.1612,0.84673244,0.008025345392525196,0.0017038201913237572,0.0017038201913237572,29.690608978271484,0.8688996434211731,0.0018205479718744755,0.0018205482047051191,29.200862884521484,0.8405063152313232
90,0.003810209815333952,0.0018359348,0.0018359348,29.704105,0.8765571,0.0019742725,0.0019742725,29.17653,0.8478116,0.00198982167057693,0.0019481881754472852,0.001948188291862607,29.202991485595703,0.8547316193580627,0.0020061770919710398,0.0020061773248016834,28.909330368041992,0.8310226202011108
91,0.003815395577193057,0.0018371227,0.0018371227,29.72114,0.8753864,0.0019782702,0.0019782702,29.196629,0.84708947,0.0029120976105332375,0.0017809387063607574,0.0017809384735301137,29.820920944213867,0.8670719265937805,0.001994174672290683,0.001994174672290683,29.091773986816406,0.8311788439750671
92,0.003916565072709259,0.0018928199,0.0018928199,29.63646,0.873329,0.0020237425,0.0020237425,29.136766,0.84541655,0.002822096925228834,0.0017129362095147371,0.001712936325930059,29.8376522064209,0.8705199360847473,0.0018480499275028706,0.0018480499275028706,29.441314697265625,0.8410642147064209
93,0.0038730180200285827,0.0018640518,0.0018640518,29.700403,0.8758841,0.0020089662,0.0020089664,29.167114,0.84707123,0.0038363197818398476,0.0017336233286187053,0.0017336233286187053,29.81484031677246,0.8687464594841003,0.001883644494228065,0.0018836446106433868,29.24127960205078,0.8376104235649109
94,0.0038213065952731997,0.0018461916,0.0018461916,29.718748,0.8762262,0.0019751128,0.0019751128,29.195631,0.84849995,0.0031599830836057663,0.001709762029349804,0.001709762029349804,29.794742584228516,0.8689408302307129,0.0018671784782782197,0.0018671787111088634,29.1934757232666,0.8383311629295349
95,0.0037505117377333117,0.0018113827,0.0018113827,29.836767,0.8780685,0.0019391285,0.0019391287,29.31405,0.8503025,0.008968690410256386,0.0018147581722587347,0.0018147581722587347,29.43532943725586,0.864254355430603,0.001988879172131419,0.001988879404962063,28.881513595581055,0.831662118434906
96,0.003831618410068013,0.0018463467,0.0018463464,29.732002,0.8763291,0.0019852726,0.0019852726,29.197445,0.8482781,0.002583924913778901,0.0015836150851100683,0.0015836150851100683,30.102676391601562,0.8735023140907288,0.0017565008020028472,0.0017565010348334908,29.487844467163086,0.8411281108856201
97,0.003871985207405049,0.0018727775,0.0018727775,29.644043,0.8751528,0.001999211,0.001999211,29.139864,0.84700096,0.004189043305814266,0.0017139371484518051,0.0017139371484518051,29.820608139038086,0.8689549565315247,0.0019014962017536163,0.0019014962017536163,29.15640640258789,0.8378228545188904
98,0.0038729265267412067,0.0018682593,0.0018682593,29.646536,0.8744508,0.002004661,0.002004661,29.125296,0.8464605,0.0005586936022154987,0.0016491457354277372,0.0016491457354277372,29.925514221191406,0.8730872869491577,0.0017931481124833226,0.0017931481124833226,29.40363883972168,0.8434459567070007
99,0.003883534710281243,0.0018819176,0.0018819177,29.672447,0.8740818,0.0020016176,0.0020016178,29.181112,0.8468063,0.0014586109900847077,0.0017325915396213531,0.0017325915396213531,29.7590274810791,0.8678579926490784,0.0018804160645231605,0.0018804162973538041,29.273906707763672,0.8382503390312195
100,0.003861130254221347,0.0018645163,0.0018645163,29.713943,0.8755429,0.001996618,0.001996618,29.20022,0.8478807,0.005689599551260471,0.0017807036638259888,0.0017807034309953451,29.284040451049805,0.8665767312049866,0.0020137245301157236,0.0020137245301157236,28.58869743347168,0.8320772647857666
101,0.003912300303215522,0.001898392,0.001898392,29.666489,0.8749415,0.0020139138,0.002013914,29.196869,0.8483013,0.0008192395325750113,0.0017161838477477431,0.0017161836149170995,29.58978843688965,0.8712581396102905,0.0018600866897031665,0.0018600866897031665,29.1236515045166,0.8401644825935364
102,0.0037698313953956975,0.0018284197,0.0018284197,29.809334,0.8777824,0.0019414112,0.0019414112,29.311337,0.85083926,0.0028014741837978363,0.0016869236715137959,0.001686923555098474,29.653881072998047,0.8723212480545044,0.001815919065847993,0.001815919065847993,29.27532958984375,0.8408106565475464
103,0.0037378607579925034,0.0018080169,0.0018080169,29.786465,0.8775823,0.0019298481,0.0019298481,29.277615,0.8499415,0.00835699774324894,0.0017450320301577449,0.0017450320301577449,29.84592056274414,0.870409369468689,0.001893944339826703,0.0018939445726573467,29.297754287719727,0.8406398892402649
104,0.0037766226468125682,0.0018253077,0.0018253077,29.785114,0.87679344,0.0019513159,0.0019513159,29.275753,0.8491862,0.0033705211244523525,0.00176470004953444,0.00176470004953444,29.942272186279297,0.8711333274841309,0.0019080507336184382,0.001908050966449082,29.378684997558594,0.8408498167991638
105,0.003867836707892517,0.0018680233,0.0018680233,29.705723,0.87645155,0.0019998143,0.0019998143,29.171457,0.84796506,0.0025859870947897434,0.0016895506996661425,0.0016895506996661425,29.908262252807617,0.869335949420929,0.0018352646147832274,0.0018352646147832274,29.36930274963379,0.8400583863258362
106,0.003772136391681771,0.0018251587,0.0018251587,29.779888,0.8770812,0.0019469776,0.0019469776,29.263033,0.84942377,0.004685589578002691,0.0016789824003353715,0.0016789824003353715,29.912864685058594,0.8709607124328613,0.0018112724646925926,0.0018112724646925926,29.411094665527344,0.8424791097640991
107,0.0038990863650623297,0.0018931563,0.0018931563,29.688543,0.87584865,0.0020059284,0.0020059284,29.20891,0.8493112,0.0023295360151678324,0.0018318736692890525,0.0018318734364584088,29.411035537719727,0.8629202246665955,0.0020222074817866087,0.0020222074817866087,28.853063583374023,0.8308429718017578
108,0.0037536310841696156,0.0018235521,0.0018235521,29.782795,0.87718725,0.0019300809,0.0019300809,29.296583,0.85061663,0.0021462084259837866,0.0016894557047635317,0.0016894557047635317,29.747509002685547,0.8711777925491333,0.0018661721842363477,0.0018661723006516695,29.088687896728516,0.8396402597427368
108,0.0037308000882452083,0.0018059539,0.0018059539,29.821012,0.87847555,0.0019248453,0.0019248453,29.326847,0.8515158,0.003884600941091776,0.0017362503567710519,0.0017362503567710519,29.62168312072754,0.864880383014679,0.0019087855471298099,0.0019087855471298099,28.973918914794922,0.8331978917121887
109,0.00382357100600159,0.001858195,0.0018581953,29.699286,0.8758683,0.0019653784,0.0019653786,29.2305,0.849215,0.0017944722203537822,0.0018898079870268703,0.0018898077541962266,29.323335647583008,0.8673908710479736,0.0020004864782094955,0.0020004864782094955,28.930479049682617,0.8379953503608704
110,0.003812438884977854,0.0018500406,0.0018500406,29.740791,0.87638193,0.0019623965,0.001962397,29.255379,0.8499007,0.0022118184715509415,0.0018390379846096039,0.0018390379846096039,29.286584854125977,0.8639952540397644,0.0019810826051980257,0.0019810828380286694,28.800975799560547,0.832705557346344
111,0.0038941506957598905,0.0018992269,0.0018992269,29.645926,0.87516856,0.0019949218,0.0019949218,29.188934,0.8489775,0.0022484466899186373,0.0017752860439941287,0.0017752861604094505,29.781888961791992,0.8679028153419495,0.0019418841693550348,0.0019418841693550348,29.090322494506836,0.838253915309906
112,0.0036902628987667816,0.0017909866,0.0017909867,29.886316,0.87877053,0.0018992727,0.0018992727,29.394196,0.85234624,0.004091767594218254,0.0016734939999878407,0.0016734942328184843,29.934110641479492,0.8751649260520935,0.0017945322906598449,0.0017945322906598449,29.486656188964844,0.8482509851455688
113,0.0036626541682380775,0.0017753121,0.0017753121,29.864769,0.8795616,0.0018873411,0.0018873414,29.371359,0.8528315,0.0031794942915439606,0.0017171502113342285,0.0017171502113342285,29.729663848876953,0.8703634738922119,0.001843837322667241,0.0018438370898365974,29.261451721191406,0.8427773714065552
114,0.0037287936662525885,0.0018123707,0.0018123707,29.830925,0.87798756,0.0019164255,0.0019164258,29.358536,0.8522256,0.0035490517038851976,0.0017667553620412946,0.0017667553620412946,29.687604904174805,0.8667680025100708,0.0018774853087961674,0.0018774853087961674,29.219709396362305,0.839600145816803
115,0.0037575571530363014,0.0018273818,0.0018273818,29.77224,0.87746274,0.0019301757,0.0019301757,29.315,0.85143566,0.0014761987840756774,0.0016863173805177212,0.0016863173805177212,29.742155075073242,0.8687517046928406,0.0018226454267278314,0.0018226454267278314,29.28753662109375,0.8398503065109253
116,0.0037107584654475227,0.0018056168,0.0018056169,29.860975,0.87878585,0.0019051379,0.0019051379,29.400404,0.85321254,0.0008044696878641844,0.0016821895260363817,0.0016821895260363817,29.786771774291992,0.8704514503479004,0.001899105729535222,0.001899105729535222,29.06052017211914,0.8373960256576538
117,0.003700570613660535,0.0017973168,0.0017973168,29.840128,0.87886757,0.0019032529,0.0019032529,29.368492,0.85316163,0.0033171263057738543,0.0019179674563929439,0.0019179674563929439,29.46791648864746,0.8595127463340759,0.0019439669558778405,0.0019439669558778405,29.1120548248291,0.8355817794799805
118,0.003889770905061596,0.0019192307,0.0019192307,29.58957,0.8736982,0.001970543,0.001970543,29.268192,0.85083526,0.005703513510525227,0.0016062716022133827,0.0016062716022133827,30.023698806762695,0.8731984496116638,0.0017454095650464296,0.0017454099142923951,29.480087280273438,0.8455908894538879
119,0.0037835536399008426,0.0018583143,0.0018583143,29.680624,0.8754083,0.0019252389,0.0019252386,29.28475,0.85099715,0.004142351448535919,0.0017924016574397683,0.001792401890270412,29.599061965942383,0.8632113933563232,0.001864466117694974,0.001864466117694974,29.243200302124023,0.8364861011505127
120,0.0037336304773277706,0.0018218167,0.0018218167,29.803186,0.87777764,0.0019118101,0.0019118104,29.377588,0.85287285,0.0022067006211727858,0.001734300865791738,0.001734300865791738,29.746204376220703,0.8700105547904968,0.0019050409318879247,0.0019050409318879247,29.201396942138672,0.8384373188018799
121,0.003698268020582839,0.0018023541,0.0018023541,29.891272,0.8791183,0.0018959134,0.0018959134,29.449184,0.8543628,0.0031259418465197086,0.001706691225990653,0.0017066913424059749,29.82147216796875,0.8688690066337585,0.001906868419609964,0.0019068687688559294,29.1658992767334,0.8363450169563293
122,0.0037280425693148166,0.0018134244,0.0018134244,29.834856,0.8780657,0.0019146219,0.0019146219,29.381361,0.85260975,0.002778136869892478,0.0017034976044669747,0.0017034976044669747,29.732881546020508,0.871649980545044,0.0018199710175395012,0.0018199710175395012,29.28074836730957,0.8430402874946594
123,0.0039082351905057695,0.0019199391,0.0019199391,29.64531,0.8736434,0.0019882966,0.0019882966,29.28297,0.84986305,0.0055696493946015835,0.0016737363766878843,0.001673736609518528,29.832014083862305,0.8716263771057129,0.0018664213130250573,0.0018664213130250573,29.138612747192383,0.8408406376838684
124,0.0037786792014533905,0.0018455546,0.0018455546,29.759998,0.8766949,0.0019331212,0.0019331212,29.340868,0.8515145,0.004953576251864433,0.0018064449541270733,0.0018064449541270733,29.354175567626953,0.8672129511833191,0.0018893299857154489,0.0018893299857154489,29.047279357910156,0.8400535583496094
125,0.0037120313421534473,0.0018161163,0.0018161163,29.804987,0.8789303,0.0018959149,0.0018959149,29.389187,0.85443586,0.006373308133333921,0.001752520794980228,0.001752520794980228,29.59196662902832,0.8704135417938232,0.001840942888520658,0.001840942888520658,29.28879165649414,0.8425032496452332
126,0.003665432469666417,0.001790472,0.001790472,29.88924,0.87977076,0.0018749619,0.0018749619,29.45083,0.8548607,0.004081224091351032,0.0017171776853501797,0.001717177452519536,29.918254852294922,0.8701335787773132,0.0018184701912105083,0.0018184701912105083,29.362815856933594,0.8458455801010132
127,0.003718596479167765,0.0018102266,0.0018102267,29.801376,0.8772456,0.0019083723,0.0019083723,29.359148,0.85185254,0.0033883745782077312,0.0018021638970822096,0.0018021638970822096,29.555328369140625,0.8665232062339783,0.001915415865369141,0.001915415865369141,29.185941696166992,0.8406481146812439
128,0.0036672481624396755,0.0017898412,0.0017898412,29.899446,0.8804011,0.0018774061,0.0018774061,29.451523,0.855193,0.005315779708325863,0.0016383870970457792,0.0016383870970457792,29.85735321044922,0.8712540864944458,0.0017657955177128315,0.0017657957505434752,29.44816017150879,0.8436318039894104
129,0.0037051826409643346,0.0018133452,0.0018133452,29.846083,0.8783926,0.0018918386,0.0018918389,29.434757,0.85422486,0.012681487016379833,0.0018881317228078842,0.0018881317228078842,29.2036190032959,0.8610881567001343,0.002174659399315715,0.002174659399315715,28.393997192382812,0.8233839273452759
130,0.0036898241681733958,0.0018027544,0.0018027544,29.87683,0.8791728,0.00188707,0.0018870702,29.450924,0.8543329,0.0013839290477335453,0.001691892510280013,0.001691892510280013,29.88982391357422,0.8695835471153259,0.0018230448476970196,0.0018230448476970196,29.356597900390625,0.8415341377258301
131,0.0036256157022021567,0.0017720474,0.0017720475,29.927418,0.8793215,0.0018535678,0.001853568,29.488783,0.85442084,0.0027381815016269684,0.0016508399276062846,0.0016508399276062846,29.934099197387695,0.87295001745224,0.0017667075153440237,0.0017667077481746674,29.528697967529297,0.8452392816543579
132,0.003688677498794951,0.0018012599,0.0018012599,29.866512,0.87918067,0.0018874183,0.0018874183,29.438332,0.85461634,0.004362000152468681,0.0016531607834622264,0.0016531607834622264,30.09209632873535,0.8749325275421143,0.0017808639677241445,0.0017808642005547881,29.568626403808594,0.8475142121315002
133,0.003687901580566109,0.0018006043,0.0018006043,29.913109,0.87938267,0.0018873,0.0018873003,29.477646,0.85467863,0.006872349884361029,0.0016832411056384444,0.0016832411056384444,29.95157241821289,0.8725879788398743,0.0017763521755114198,0.0017763525247573853,29.5655574798584,0.8455919027328491
134,0.0036636687792721474,0.0017835752,0.0017835752,29.830427,0.8781097,0.001880097,0.001880097,29.3859,0.85267377,0.0030369411688297987,0.0016865916550159454,0.0016865915386006236,30.00041389465332,0.8722923994064331,0.0018884640885517001,0.0018884643213823438,29.248462677001953,0.8409805297851562
135,0.0038972139677854204,0.0019247808,0.0019247808,29.57683,0.8743668,0.0019724325,0.0019724325,29.27174,0.8516189,0.0016258718678727746,0.0017172596417367458,0.0017172596417367458,29.8551082611084,0.8710594773292542,0.0018357679946348071,0.0018357682274654508,29.2734375,0.8471015095710754
136,0.0036667219431499825,0.0017924994,0.0017924994,29.8561,0.8776257,0.0018742215,0.0018742217,29.443605,0.8533674,0.0019764043390750885,0.001614006352610886,0.001614006352610886,30.050464630126953,0.8749894499778748,0.001723216031678021,0.0017232157988473773,29.517805099487305,0.8499886393547058
137,0.003602566772062548,0.0017628486,0.0017628486,30.001896,0.8807603,0.0018397172,0.0018397174,29.585379,0.85668486,0.0021713930182158947,0.0017362352227792144,0.001736235455609858,29.623065948486328,0.8724673390388489,0.0018219643970951438,0.0018219643970951438,29.326393127441406,0.848677396774292
138,0.003623294916768053,0.0017735318,0.0017735318,29.869625,0.8794218,0.0018497674,0.0018497675,29.469233,0.8554699,0.0004702679580077529,0.0017002621898427606,0.0017002620734274387,29.842023849487305,0.8718183636665344,0.0017829594435170293,0.0017829594435170293,29.50231170654297,0.8505322933197021
139,0.003734925485874825,0.0018275871,0.0018275871,29.79262,0.8780627,0.0019073365,0.0019073368,29.384794,0.8538272,0.0018115550046786666,0.001657870365306735,0.001657870365306735,29.820077896118164,0.8699624538421631,0.0017696265131235123,0.0017696265131235123,29.32520866394043,0.8427082300186157
140,0.0036575968747894405,0.0017899255,0.0017899255,29.852726,0.8794786,0.0018676707,0.0018676707,29.453112,0.85558087,0.0007647949387319386,0.0016428603557869792,0.0016428603557869792,29.98802375793457,0.8741292357444763,0.0017705217469483614,0.0017705217469483614,29.477577209472656,0.8455564975738525
141,0.0036671170881972,0.0017947977,0.0017947978,29.910858,0.87883526,0.0018723212,0.0018723214,29.495068,0.85492164,0.004996930249035358,0.0017374273156747222,0.0017374273156747222,29.775362014770508,0.8718370795249939,0.0018620650516822934,0.0018620650516822934,29.290761947631836,0.8430091738700867
142,0.003626603331405123,0.0017744043,0.0017744043,29.874166,0.88006794,0.0018521989,0.0018521989,29.46493,0.85579526,0.0030873173382133245,0.0016948437551036477,0.0016948439879342914,29.7847957611084,0.8709191679954529,0.001825394807383418,0.001825394807383418,29.223440170288086,0.843265950679779
143,0.0036497401988223525,0.0017891629,0.001789163,29.827816,0.88020474,0.0018605777,0.0018605775,29.431665,0.8561555,0.0020476544741541147,0.0016536579933017492,0.001653658109717071,30.181903839111328,0.8743498921394348,0.001754128374159336,0.001754128374159336,29.657529830932617,0.8477590680122375
144,0.003540201942890538,0.0017274773,0.0017274774,30.018194,0.8818619,0.0018127244,0.0018127244,29.575434,0.85745645,0.0010509276762604713,0.0016120383515954018,0.0016120384680107236,30.214963912963867,0.8762149810791016,0.0017132824286818504,0.001713282661512494,29.699642181396484,0.8497535586357117
145,0.0037492055063248026,0.0018426327,0.0018426327,29.785095,0.8776923,0.0019065728,0.0019065728,29.405079,0.8541058,0.0027942946180701256,0.0018420076230540872,0.0018420076230540872,29.2249813079834,0.860783576965332,0.0018767048604786396,0.001876705326139927,29.031370162963867,0.8383620381355286
146,0.0036844089088777696,0.001814599,0.0018145993,29.8949,0.87871593,0.0018698123,0.0018698125,29.517925,0.855678,0.004887127783149481,0.001710106385871768,0.0017101065022870898,29.8022518157959,0.8703689575195312,0.001815825467929244,0.001815825467929244,29.279735565185547,0.8442422747612
147,0.0036618377411051133,0.001803214,0.001803214,29.814066,0.8787201,0.0018586273,0.0018586273,29.45248,0.85565674,0.003348136320710182,0.0018969675293192267,0.001896967296488583,29.393346786499023,0.8634243011474609,0.0019815973937511444,0.0019815973937511444,28.940757751464844,0.8386054039001465
148,0.0036656190042945297,0.0017998088,0.0017998088,29.897963,0.87829393,0.0018658096,0.0018658096,29.501064,0.8549058,0.004649026319384575,0.0016373585676774383,0.0016373585676774383,30.029739379882812,0.8746068477630615,0.0017574216471984982,0.0017574216471984982,29.547630310058594,0.8468587398529053
148,0.003733088511302817,0.0018455099,0.0018455099,29.787262,0.8774527,0.0018875786,0.0018875786,29.472242,0.85526633,0.0017362143844366074,0.0016730478964745998,0.0016730478964745998,29.884193420410156,0.8729655742645264,0.0017970025073736906,0.0017970027402043343,29.32485008239746,0.8430970311164856
149,0.003676314173477564,0.0018065226,0.0018065226,29.875177,0.8791153,0.001869795,0.001869795,29.503529,0.8561184,0.0012354375794529915,0.0017354085575789213,0.0017354085575789213,29.815166473388672,0.8732845783233643,0.0018124341731891036,0.0018124344060197473,29.35486602783203,0.8488996624946594
